{
  "nodes": [
    {
      "name": "On clicking 'execute'",
      "type": "n8n-nodes-base.manualTrigger",
      "position": [
        260,
        300
      ],
      "parameters": {},
      "typeVersion": 1
    },
    {
      "name": "HTTP Request",
      "type": "n8n-nodes-base.httpRequest",
      "position": [
        460,
        300
      ],
      "parameters": {
        "url": "https://docs.n8n.io/assets/img/n8n-logo.png",
        "options": {},
        "responseFormat": "file"
      },
      "typeVersion": 1
    },
    {
      "name": "Write Binary File",
      "type": "n8n-nodes-base.writeBinaryFile",
      "position": [
        660,
        300
      ],
      "parameters": {
        "fileName": "/Users/tanay/Desktop/n8n-logo.png"
      },
      "typeVersion": 1
    }
  ],
  "connections": {
    "HTTP Request": {
      "main": [
        [
          {
            "node": "Write Binary File",
            "type": "main",
            "index": 0
          }
        ]
      ]
    },
    "On clicking 'execute'": {
      "main": [
        [
          {
            "node": "HTTP Request",
            "type": "main",
            "index": 0
          }
        ]
      ]
    }
  }
}