{
  "nodes": [
    {
      "name": "On clicking 'execute'",
      "type": "n8n-nodes-base.manualTrigger",
      "position": [
        540,
        350
      ],
      "parameters": {},
      "typeVersion": 1
    },
    {
      "name": "Github",
      "type": "n8n-nodes-base.github",
      "position": [
        790,
        350
      ],
      "parameters": {
        "owner": "n8n-io",
        "resource": "repository",
        "operation": "getProfile",
        "repository": "n8n"
      },
      "credentials": {
        "githubApi": "shraddha"
      },
      "typeVersion": 1
    }
  ],
  "connections": {
    "On clicking 'execute'": {
      "main": [
        [
          {
            "node": "Github",
            "type": "main",
            "index": 0
          }
        ]
      ]
    }
  }
}